UUID,pdf_file_name
7fafb605-434a-5e0b-91c3-f456179ae8ca,11_16_Prohibition_of_UAS___14OCT2016.pdf
32b92774-4b19-5c74-b35f-005af22925bd,038_23_CREDIT_FOR_QUALS_OF_HONORABLY_DISCHARGED_AND_OR_RETIRED_CG_PERSONNEL.pdf
51c5b926-ee4a-538f-8870-a1af4577237d,018_22_US_COAST_GUARD_AUXILIARIST_SUPPORT_TO_COAST_GUARD_HEALTH_CARE_FACILITIES.pdf
1e7a06ea-62d2-5366-bbb4-8ed45f052f11,025_20_MYCG___MODERNIZING_COAST_GUARD_ORGANIZATIONAL_COMMUNICATIONS.pdf
5a964a01-d839-598b-aae6-b4d7e9d81b20,14_19_AUXILIARY_SEA_SCOUT_YOUTH_DEVELOPMENT__AUXSCOUT__PROGRAM___NATIONAL_IMPLEMENTATION.pdf
8075e460-6479-5ec6-ac60-eff8d0d37983,04_14_HUMAN_FACTOR__FAMILY_AND_WORKFORCE_AWARENESS___05APR2014.pdf
db43629d-daf3-562f-bfe1-1a2f3012bc1e,20_15_AUXILIARY_AIR_OPERATIONS__HEALTH_SERVICES__AND_PUBLIC_AFFAIRS_PROGRAM_POLICY_CHANGES___24NOV2015.pdf
2543aa12-f11a-54df-ab4b-dcf50f992ae8,024_23_WARNING___MALICIOUS_EMAIL_ATTEMPTED_PHISHING_INVOLVING_SF_86_COLLECTION_FOR_BACKGROUND_INVESTIGATIONS.pdf
3a3c15f5-7072-5aa4-a27c-e8d9f7ef8631,017_13_CHANGE_TO_AUXOP_ELECTIVE_COURSES___28DEC2013.pdf
9d43fed9-3e5e-5547-ad02-c206b5cb24d2,10_15_AUXILIARY_MANDATED_TRAINING__AUXMT____NEW_DELIVERY_METHODS_AND_POLICY_CHANGES___06JUN2015.pdf
42cf6846-5747-5a0d-897a-7dec4f24ff78,012_22_AUXDATA_II_SECURITY_UPDATES_FINAL.pdf
1bf89987-558f-51a5-8e18-e1b466207b7f,031_20_SEXUAL_ASSAULT_PREVENTION_RESPONSE_RECOVERY_UPDATE.pdf
143b6af4-fbf4-5c48-8c71-a685e3e655eb,005_23_BOATING_SAFETY_APPLICATION_FOR_SMART_PHONES.pdf
471e0d6a-b50e-5255-9112-f3dd9ef7ebc4,09_16_CHIEF_DIRECTOR_FINAL_ACTION_ON_NATIONAL_BOARD_RECOMMENDATIONS_AT_NACON_2016___009_16___08OCT2016.pdf
6b9cb7ef-9099-51a7-8fcd-a6c8f719f518,018_23_AUXILIARY_COXSWAIN_AND_BOAT_CREW_INITIAL_QUALIFICATION_WAIVABLE_TASK_BY_DIRAUX_POLICY_LETTER_RELEASED.pdf
ab121aed-d91d-54aa-8c0b-fc6060b5f3fc,002_24_2024_NATIONAL_WORKSHOPS.pdf
e3bcc4f2-6eba-591b-9c64-81355b0269cc,02_19_CHANGES_TO_AUXILIARY_INCIDENT_COMMAND_SYSTEM__ICS__CORE_TRAINING__CG_BSX_POLICY_LETTER_19_02.pdf
40eb83e1-a504-52f6-b635-a5c3b128b6bb,03_18_AUXILIARY_RECIPROCITY_WITH_U.S._POWER_SQUADRONS_FOR_VESSEL_EXAMINER_AND_INSTRUCTOR_COMPETENCIES___01FEB2018.pdf
7ba752c7-bd9b-54a0-a58d-edbb8da10f06,18_14_CHIEF_DIRECTOR_FINAL_ACTION_ON_NATIONAL_BOARD_RECOMMENDATIONS_NACON_2014__14SEP2014.pdf
c1e060e9-7489-5d4d-ac7d-b5220e486318,011_22_AUXILIARY_AVIATION_POLICY_LETTER_22_02_SUSPENSION.pdf
4c54af7a-0019-56cc-bd03-b37fa1e99526,13_15_OFFICE_OF_PERSONNEL_MANAGEMENT__OPM__CYBERSECURITY_INCIDENT___UPDATE___13JUN2015.pdf
48671341-baf1-5f17-a856-3faf69ee482b,02_17___THE_COAST_GUARD_CULTURE_OF_RESPECT___17MAR2017.pdf
a514de8e-2731-542f-80c8-a51ff7cd82b6,042_23__UPDATE_TO_DAMAGE_CLAIMS_PROCEDURES_AND_REQUIREMENTS_POLICY_LETTER_RELEASED.pdf
78417ae4-0563-5b50-a694-b50afc621fc1,008_22_AUXILIARY_AVIATION_POLICY_LETTERS.pdf
5b03ec02-a504-583f-8e1d-a3033a22b21b,006_21_AUXDATA_II_UPDATES_FOR_PATROL_ORDERS_PROCESS.pdf
9bf4932e-d1fd-5bfa-a07a-bc9e620ba445,010_23_AUXILIARY_AIRCRAFT_FACILITIES_WITH_CONTINENTAL_ENGINES.pdf
a74a3227-c10d-5d3a-a312-c0d4bd8b5522,030_23_WORKFORCE_RESILIENCE_COURSE_NAME_CHANGE.pdf
9efd7711-0f3f-5856-a789-1f07d614a7b5,017_23_AUXILIARY_WATERWAYS_MANAGEMENT_AND_FACILITY_INSPECTOR__QUALIFICATION_UPDATE.pdf
04cf8f96-0c36-562c-9063-b8f9d232297f,007_23_RESUMPTION_OF_IN_PERSON_AUXILIARY_C_SCHOOLS_REVISION_TO_CG_BSX_POLICY_LETTER_21_01.pdf
89328d34-2b70-507e-b7ba-889ee6cf3024,001_23_EXTENSION_TO_AUX_SOP_004A_04_Sep_20__ELECTION_OF_UNIT_OFFICERS_THROUGH_THE_USE_OF_ELECTRONIC_MEANS.pdf
674adf8f-8e29-58ac-a835-bb4a2079c3e7,002_20_COVID_19_TRAVEL_AND_LEAVE_POLICY__ALCOAST_084_20_.pdf
04a4a9b0-25f2-5ed8-b1ee-a0e36e4db187,034_21_AUXILIARY_COXSWAIN_AND_BOAT_CREW_INITIAL_QUALIFICATION_NIGHT_TASKS_NO_LONGER_WAIVABLE.pdf
37b18dd4-e9d5-5d92-ba18-d601297ebdcf,014_23_EXPANSION_OF_COAST_GUARD_EXCHANGE_PRIVILEGES.pdf
0aaa5c4d-8f8d-5ea3-8d45-418441a2f6a3,021_23_OPERATION_DRY_WATER.pdf
e3791110-09ae-57b6-9023-b06071bb6907,010_13_TEAM_COORDINATION_TRAINING__TCT____8AUG2013.pdf
7c67db1f-d687-560a-bd41-2a1c868f7f66,20_18_UPDATE_TO_ALAUX_017_18___CLARIFICATION_OF_CREW_FATIGUE_AND_SAR_STANDBY_STATUS.pdf
f824ab94-7f6b-5b1f-a238-cb84d427142c,12_14_SIXTH_ANNUAL_OPERATION_DRY_WATER___26JUN2014.pdf
e936aa9d-e263-5780-b690-760a6b771d31,12_19_AUXILIARY_INCLUSION_IN_AMERICAN_FORCES_TRAVEL_SERVICE.pdf
0acc9051-fecb-5451-ad1d-1b1ef3887741,04_18_AUXILIARY_UNIFORM_WEAR_AT_FORMAL_AND_CEREMONIAL_OCCASIONS___08MAR2018.pdf
97243152-d3ea-501e-8514-402c99d8a215,10_19_UPDATES_TO_TEAM_COORDINATION_TRAINING__TCT__FACILITATOR_POLICIES_FOR_AUXILIARISTS.pdf
5f5e0342-24b5-5d92-82fe-0a9adb731c86,01_16_AUXILIARY_MUSIC__AUXMU__SOP___31JAN2016.pdf
f3d4073e-c362-5b48-bd01-d4ed70acd5b7,004_24__UPDATE_TO_DAMAGE_CLAIMSPROCEDURES_AND_REQUIREMENTS_POLICY_LETTER_RELEASED.pdf
437857b0-b0a9-5c9f-b458-c850f0ceb2b8,013_13_AUXILIARY_POLICY_CHANGES___16SEP2013.pdf
3090684a-8ff0-53f9-add8-c6b1685271b3,18_18_AUXILIARY_PADDLE_CRAFT__AUXPAD__PROGRAM__COMDTINST_16794.11A___REVISION_APPROVED.pdf
dc4658f5-c5d0-5b96-bee7-d12c172aa5c7,024_21_AUXDATA_II_UPDATE___PERSONAL_PROTECTIVE_EQUIPMENT__PPE_.pdf
c0e00333-39e3-5717-a1f8-050351d6dcfb,11_15_OFFICE_OF_PERSONNEL_MANAGEMENT__OPM__CYBERSECURITY_INCIDENT___06JUN2015.pdf
1a95d3cb-87a6-5cdc-85e9-916735d9331f,001_22_AUXILIARY_COVID_19_RECONSTITUTION_GUIDANCE___VERSION_3.pdf
10d02466-220a-57e1-859a-b214f2777dfb,025_21_CHANGE_TO_THE_COAST_GUARD_AUXILIARY_OPERATIONAL_SUPPORT_PERSONNEL_SECURITY_INVESTIGATION__OS_PSI__POLICY.pdf
c0cc2535-4f29-5bb0-9937-3b62ebdef4d6,05_17___AUXILIARY_PUBLIC_AFFAIRS__AUXPA__COMPETENCY_REALIGNMENT___07APR2017.pdf
18712a30-fcec-5eee-8cfb-2fd06be370e5,022_22_AUXILIARY_POLICY_STATEMENT.pdf
dbc730c3-daed-5e34-a5c0-9d8f9a2cc519,07_16_CHANGE_TO_CG_MARINE_SAFETY_MANUAL__VOLUME_II___04AUG2016.pdf
473754ed-8a26-5bc1-83c1-ced6eeb566b7,031_22_CHIEF_DIRECTOR_FINAL_ACTION_ON_NATIONAL_BOARD_RECOMMENDATIONS_AT_NACON_2022.pdf
63ce5305-6303-5db5-9b53-c45c23150cbe,039_21_OCTOBER_2021_COAST_GUARDEMERGENCY_MANAGEMENT_CREDENTIAL.pdf
911d5e9b-59c6-5cd6-9ed6-6062662b84fc,035_22_SUPPORT_AND_RESPONSE_TO_HURRICANE_IAN_IN_DISTRICT_SEVEN.pdf
a36aab01-6ed4-5039-9f85-094c6c70f3ef,014_21_QUALIFICATION_EXAMINER__QE__CHECK_RIDE_TASK_EXPIRATION_DATE_EXTENSIONS.pdf
0e3e11bf-dc90-563f-8f15-f7f52b1da0a3,01_14_CHIEF_DIRECTOR_FINAL_ACTION_ON_NATIONAL_BOARD_RECOMMENDATION___18FEB2014.pdf
7299b3f8-79b6-5193-b4b1-c0e3add54648,03_14_AUXILIARY_POLICY_CHANGES___06MAR2014.pdf
18f26c68-9aaa-55be-8712-2506bcc87132,009_22_AUXILIARY_AVIATION_QUALIFICATION_SYLLABI_UPDATE.pdf
1a94f413-9de6-55a1-a78c-e6af83bd57f8,19_15_AUXILIARY_MANDATED_TRAINING__AUXMT____FAQs_AND_WHAT_IF_SCENARIOS___05NOV2015.pdf
472cfa33-4340-56f6-a927-fa39fd3c8dbb,033_21_AUXDATA_II_SKILLS_AND_AVAILABILITY_SEARCH.pdf
c658fe49-dff4-5bb5-a378-4c5c92c2e7a0,031_23_CHDIRAUX_FINAL_ACTION_ON_NACON_NATIONAL_BOARD_RECS.pdf
73056ef0-e501-581c-865d-531b6f84d735,12_16_AUXILIARY_CLERGY_SUPPORT__ACS__PROGRAM___16NOV2016.pdf
35f9553b-7c0e-5573-9a42-a146ca805791,15_14_COMMANDANT_S_EQUAL_OPPORTUNITY_POLICY_STATEMENT____01SEP2014.pdf
38d587a3-c16a-5320-bbeb-832d16f184ce,013_20_NATIONAL_BOARD_TELEPHONIC_ELECTRONIC_VOTING.pdf
4d3e454c-676c-53c9-83c6-16b1ddd8f9af,17_18_AUXDATA_MISSION_ACTIVITY_CODE_CHANGES.pdf
1b945fad-6377-5ca6-ad22-1ef15c4a391b,033_20_MERGER_OF_ANSC_AND_AUXCEN.pdf
6a70ead0-0e11-5978-a291-00e5dc7bee44,10_16_CHANGE_TO_IMMEDIATE_PAST_OFFICE_VACANCY_POLICY___13OCT2016.pdf
07d4a691-f6f9-5447-a7f6-872904b5adbb,032_20_AUXILIARY_CURRENCY_MAINTENANCE_CHANGES_FOR_CY_2020.pdf
d7a80f05-6780-51f7-bbb0-fab6f04e5723,017_22_AUX_SUPPORT_OF_SW_BORDER_OPS.pdf
4f1a02a9-d63d-5d78-88fe-5659a4870448,048_22_CALENDAR_YEAR_CY_2023_ANNUAL_CURRENCY_MAINTENANCE_REQUIREMENT_TRACKING.pdf
1e1ebf9e-82bf-556c-9d2f-d19adfebcd65,020_22_AUXILIARY_AVIATION_CALL_SIGNS_UPDATE.pdf
bfc807cb-6415-5c80-bb3e-4c727e690e77,13_17___BASIC_QUALIFICATION_COURSE_II__BQC_II____22SEP2017.pdf
32674341-5c0c-5099-a8ad-2dcc943264e6,13_19_CHIEF_DIRECTOR_FINAL_ACTION_ON_NATIONAL_BOARD_RECOMMENDATIONS_AT_NACON_2019.pdf
b10903e2-15c0-5aea-8249-025270104bf1,010_22_UPDATE_TO_PROHIBITION_OF_UNMANNED_AERIAL_SYSTEMS__UAS_.pdf
144ebaf7-790a-5b5d-b13f-36dc2d2f67e4,03_17___AUXILIARY_FINANCIAL_EDUCATOR__AUXFE__PROGRAM_ESTABLISHMENT___17MAR2017.pdf
251dd1c6-84d0-5f83-a200-26bd6774858e,006_23_MARINE_SAFETY_ADMINISTRATIVE_MANAGEMENT__AUX_MSAM__QUALIFICATION_UPDATE.pdf
d6d2d22c-dee1-5aad-ad67-bd4f043f5406,016_22_AUXILIARY_COVID_19_RECONSTITUTION_GUIDANCE___VERSION_4.pdf
a77df24f-3f26-579f-8c32-437956e8a0c0,15_18_POLICY_CLARIFICATION___AUXILIARY_INFLATABLE_PFDS.pdf
175959e2-b771-58cd-a4c5-bb2db6e19a09,020_23_NATIONAL_SAFE_BOATING_WEEK.pdf
a5be13f3-e93b-5532-9f12-8e79be14ffa0,07_17___AUXILIARY_BUILD_AUXBUILD_PROGRAM___19APR2017.pdf
453cdc12-46b3-59c8-a0af-0f38f4a070f0,09_17___CHANGE_IN_COAST_GUARD_DIRECTIVES_WEB_SITE_AND_INTERIM_AVAILABILITY_OF_ALTERNATE_AUXILIARY_ACCESS_SITE___09MAY2017.pdf
8b9b5d20-3336-52d8-adc9-2c49aa384e02,12_15_TEMPORARY_SUSPENSION_OF_UDC_Istore___12JUN2015.pdf
3e0ed815-0509-5cb2-b7e3-8575ae90ffaf,023_20_2020_AUXILIARY_ELECTION_POLICY_CHANGES.pdf
a356c0ae-2f32-59ca-b73b-a5a64f7f4d2a,19_14_CHANGE_TO_AUXILIARY_DISTRICT_CAPTAIN_ELECTION_ELIGIBILITY_REQUIREMENT___17SEP2014.pdf
ca5d8f8c-0d48-5946-977f-d6f230e87541,042_21_AUXILIARY_CULINARY_ASSISTANT_INSTRUCTOR_AUTHORIZATION.pdf
b15229c0-03ca-5ba3-8466-9c06c0535493,006_13_CAMPAIGN_TO_ELIMINATE_SEXUAL_ASSAULT___4JUN2013.pdf
50d8f575-bef1-5b9b-ba21-e971ef4ff47a,007_22_COAST_GUARD_UNIFORM_BOARDS_47_AND_48_AUXILIARY_UNIFORM_POLICIES.pdf
6a1d6bdd-fe40-564e-99ef-230d828d1289,21_18_CHANGE_TO_SIMULTANEOUS_AUXILIARY_OFFICE_POLICY.pdf
0309c2d2-9ffc-5f95-9dea-68515ff270c9,003_24_UPDATE_RISK_MANAGEMENT_TRAINING_REQUIREMENTS_FOR_THE_COAST_GUARD_AUXILIARY_AND_AID_TO_NAVIGATION_VERIFIES_QUALIFICATION_NAME_CHANGE.pdf
2efd47d7-acae-53c1-ba19-ae8b9770e328,028_23_FY23_AUXDATA_II_PATROL_ORDER_CLOSEOUT.pdf
16057e7e-7475-5773-a524-d7862b327cf2,08_15_VIGILANCE_DURING_COAST_GUARD_OPERATIONS___26MAY2015.pdf
a2734909-2e4b-5351-92ed-70173c39c4a5,15_15_OFFICE_OF_PERSONNEL_MANAGEMENT__OPM__CYBERSECURITY_INCIDENT___UPDATE___26JUN2015.pdf
a2f6bf1a-4d45-55a3-b687-868b481b77e2,035_23_FY24_AUXDATA_II_PATROL_ORDER_GUIDANCE.pdf
f6454d65-dfeb-5988-a88c-f555cee76230,036_22_UPDATE_TO_OPERATIONAL_AUXILIARIST_AUXOP_PROGRAM.pdf
1a389d4e-a50d-540b-8773-3bcb00edb0b2,024_20_2020_EVERYONE_IS_A_RECRUITER_INCENTIVE_PROGRAM.pdf
0957be46-9bdd-5e5c-9ee3-88393df1c0fe,02_18_BASIC_QUALIFICATION_II__BQII__COURSE_REQUIREMENT_FOR_NEWLY_ENROLLED_AUXILIARISTS___01FEB2018.pdf
d02d327c-ae01-5c7a-a80c-d54fc8016a11,06_19_AUXILIARY_HUMANITARIAN_SERVICE_AWARD.pdf
66965af1-b5b1-563b-b99d-87a94b4b29b4,047_22_COAST_GUARD_RECRUITING_INITIATIVE_SCOUT_TALENT_AND_REFER__STAR__PROGRAM__FORMERLY_EIAR_.pdf
a0b01cc0-cc4f-52bb-9d5c-4ad0021f1487,013_22_AUXILIARY_NAVIGATION_RULES_EXAM_UPDATE.pdf
946c8f90-bca4-532c-8af7-7447f1b69eb4,14_15_LAUNCH_OF_THE_ENTERPRISE_COMMON_IDEATION_PLATFORM__ECIP____20JUN2015.pdf
ea02fd40-5a83-59ae-a1d7-4292788f2184,028_20_COMMUNICATING_UNITY_AND_RESPECT___REPRESENTING_THE_U.S._COAST_GUARD.pdf
196560ce-db4d-50de-9116-54dfe07a40a7,012_21_AUXDATA_II_SKILLS_AND_AVAILABILITY_UPDATE.pdf
d7417cd6-b583-51ec-aacf-74d0b33324a7,035_21_CYBERSECURITY_AWARENESS_BEST_PRACTICES_REMINDER.pdf
90018f99-3684-54c9-8ccf-27550cf825f5,23_14_AUXILIARY_UNIVERISTY_PROGRAM__AUP____24NOV2014.pdf
c9b11f7d-d6c3-52d4-a2ae-5f0800241805,030_20_CHANGE_TO_AUXILIARY_CHAPLAIN_BALL_CAP_INSIGNIA.pdf
a6163904-c1cf-5325-96f8-5dad02b55f12,007_13_ALCOAST_253_13___AUXILIARY_FOOD_SERVICE___10JUN2013.pdf
a08530e6-1cb2-5252-a60a-2b47303507fc,11_14_COAST_GUARD_UNIT_COMMENDATION___24JUN2014.pdf
a603f875-b49c-5c72-bd01-40401bef19a2,004_23_AUXILIARY_COVID_19_GUIDANCE_VERSION_5.pdf
b1e4d634-a681-587c-8f82-5bfe78fc91a0,06_15_VEHICLE_DECAL_PROGRAM_TERMINATION___28APR2015.pdf
3c28236d-2755-520b-abb1-6fd534eecb9f,23_18_CHIEF_DIRECTOR_FINAL_ACTION_ON_NATIONAL_BOARD_RECOMMENDATIONS_AT_NACON_2018.pdf
bbce6d6b-68da-50d3-9154-47dcbb3ca1c4,011_23_STATE_OF_THE_CG_ADDRESS.pdf
85055848-5783-53b2-925c-0c8a28c9715f,11_19_CELL_PHONE_USE_ONBOARD_AUXILIARY_FACILITIES.pdf
bd29ce0d-100f-504a-a5af-41fd320bae1d,018_20_NATIONAL_BOARD_MEETING_ATTENDANCE_ALLOWANCE.pdf
f393dba3-411d-5ea5-8ef8-9c07f753d28f,14_18_AUXILIARY_CORE_TRAINING__AUXCT__POLICY_CHANGES.pdf
81dbb719-07da-5d6b-b8a9-a209b445bafe,16_18_AUXILIARY_LIFE_JACKET_WEAR_OBSERVATION__AUXLWO__PROGRAM___STANDARD_OPERATING_PROCEDURE_APPROVED.pdf
f88964b6-da21-5d0f-b002-d638a6744ce4,22_18_COAST_GUARD_AUXILIARY_AND_SEA_SCOUTS.pdf
1676ee4b-a2e6-5360-ae46-d8fa440d170b,023_22_CHIEF_DIRECTOR_FINAL_ACTION_ON_NATIONAL_BOARD_RECOMMENDATIONS_AT_NTRAIN_2022.pdf
ba80a3d7-2372-59ce-8bfe-ff5c8afea68e,007_20_AUXILIARY_TELEPHONIC___ELECTRONIC_MEETING_WAIVER.pdf
20847ca6-4ec9-5b60-b623-8de544457c7b,044_22_CREATION_OF_AUXILIARY_MASTER_CUTTERMAN_DESIGNATION.pdf
983ae504-6e32-5fe7-9248-3a93dc6066fd,04_15_CHIEF_DIRECTOR_FINAL_ACTION_ON_NATIONAL_BOARD_RECOMMENDATIONS_AT_NTRAIN_2015___10FEB2015.pdf
ced44b79-80ff-5dae-9bad-243d7ea98e75,043_21_AUXILIARY_AVIATION_PPE_and_DAY_NIGHT_PYROTECHNIC_FLARES___UPDATE.pdf
b9d01ac4-a504-55c0-9798-c0b62aa27b1a,015_23_CHDIRAUX_FINAL_ACTION_ON_NTRAIN_NATIONAL_BOARD_RECS.pdf
28b51a47-982d-5091-9ca0-a78f1371f3e1,031_21_AVAILABILITY_OF_A_NEW_BLOOD_BORNE_PATHOGEN_ONLINE_TRAINING_COURSE.pdf
ec27752b-7a11-5ad0-aa64-0950a39e3bd2,01_19_RISK_MANAGEMENT_TRAINING_REQUIREMENTS_FOR_THE_COAST_GUARD_AUXILIARY__CG_BSX_POLICY_LETTER_19_01.pdf
e9ec61e0-1c95-5e0d-b230-85afce4f9a77,05_16_CHDIRAUX_Final_Action_on_Nat_Bd_Recommendations___06JUN2016.pdf
0d200655-0ffe-5f02-8fca-36eda315e734,24_14_COAST_GUARD_UNIFORM_BOARD_46___IMPACTS_ON_AUXILIARY_UNIFORM_POLICIES___22DEC2014.pdf
bcc9eae2-1b52-52b2-abba-47ae74e34fea,026_23_AUXILIARY_CEREMONIAL_COLOR_GUARD_PROGRAM_SOP___PQS.pdf
b5819a53-d63a-56bb-abbb-c1cafa35f863,22_14_CHANGE_TO_AUXILIARY_MANDATED_TRAINING_DEADLINE_AND_REQUIREMENTS___31OCT2014.pdf
c80aee91-db4e-5538-becb-c99f7b903422,AUXDATA_II_FILES_FUNCTIONALITY_USAGE_SOP_FINAL_E_Signed.pdf
31fba5d9-53a8-5d3c-81cc-358d15f0b6e4,USCGAUX_Social_Media_SOP_FINAL_ESIGNED_12JUN23.pdf
7dbe7311-cf0c-59c9-81f4-24832a9859cd,SOP.BSX_1110.2023.06.28_AUXCCG_BSX1_ESIGN_ACTING.pdf
908864cc-29b0-5cf2-b710-eff2e1cadbab,Auxiliary_Uniform_Update_National_Board_24Oct2021.pdf
d2c55494-6863-5186-a423-e83e32fad3b3,SOP_BSX_1102D_2022_10_20_AUXSCOUT_PROGRAM_POST_VERSION.pdf
36cd3261-6238-5e30-8499-2519427327dc,AUXMU_SOP_ESIGNED_FINAL_21JAN16.pdf
10324e18-ff00-57e6-98d3-5b570665834c,AUXILIARY_FINANCIAL_CONTROLS_SOP_FINAL_25FEB22_ESIGN.pdf
19860eb8-bafc-5bf8-a36f-dcdb4c8e342d,AUXDATA_II_ACCOUNT_ACTIVATION___DEACTIVATION_SOP_FINAL_05MAY22_E_Signed.pdf
8b7c512e-c0dc-5d7b-bdb3-09b5ea6af2ae,AUX_FIN_CONTROL_SOP_APPENDIX_A_textembed.pdf
1c28ad51-8e7e-5b03-9b1d-8816b1d0681c,AUX_CG_RECRUITING_SUPPORT_PROGRAM_SOP_FINAL_17DEC19_ESIGN.pdf
bb674573-187b-500f-94bd-4f26e1e8fc41,AUX_FIN_CONTROL_SOP_APPENDIX_B_textembed.pdf
0e3b6d90-0c65-59fa-b7fa-daeba2b3cb93,AUX_UNIFORM_PILOT_PROGRAM_SOP_29SEP21_esign.pdf
684fbb21-59eb-5f4b-b43c-4ce21ae20fbc,AUXBUILD_SOP_ESIGNED_FINAL_10APR17.pdf
fc80a998-79d7-5dc9-aff8-cfde81428b93,AUXCA_SOP_FINAL_18JUN21_esign.pdf
09b396dd-6f69-5f48-ae68-543d38e725ec,AUXFE_SOP_ESIGNED_FINAL_WITH_PQS_17MAR17.pdf
604e8ee4-4bff-50a5-bf1e-289ddef11b91,AUX_SOP_001A_AUXLWO_esigned.pdf
EMPTY_DOCUMENT,AUX_FIN_CONTROL_SOP_APPENDIX_A.pdf
EMPTY_DOCUMENT,AUX_FIN_CONTROL_SOP_APPENDIX_B.pdf
e214b5b8-9077-555d-b101-0b7eb5fef90a,FAQ Surface Ops Updated Training and Qualifications Handbooks updated 2023-04-12.pdf
2dbcfa7b-7abd-588d-8f04-cea4fe43c05a,STANDARD_OPERATING_PROCEDURES_FOR_THE_NATIONAL_BOARD_AND_NATIONAL_STAFF_03OCT23.pdf
93254df9-c9c0-5f27-b6c6-30b9beaec268,AUX_Anti-Discrimination_and_Anti-Harassament_Policy_Statement.pdf
81042f00-482d-5b61-a54d-99d4f4bb7603,ANSC_Catalog_Oct22.pdf
8e8e5632-f5a4-5288-8d9b-6ab1d6443a2f,Air Operations Workshop - Final 2024 v1.pdf
f8d87cf8-ed5e-574b-848d-1f0bb7855e32,Program_Visitation_Workshop-B_2019.pdf
68b72fa2-d8f2-571e-9950-a462af80575a,AUXFS Training and Qualification Guide_H-Dir_2014.pdf
a0d00ff2-7ad5-5ea7-baa0-0d738380cd3e,VE_workshop_Dec_4_22_2023.pdf
09e31e7f-42b3-5439-87fc-fb19c5cac86b,2022_Valuation_Report.pdf
edf4b1eb-5424-5c12-b56a-61be1b78325a,Auxiliary_Uninspected_Towing_Vessel_UTV_Examiner_PQS_2008-11-15.pdf
e7821e50-479b-5442-9b95-79887c426c99,Auxiliary_National_Staff_Guide-November2022.pdf
EMPTY_DOCUMENT,Standing_Rules_of_the_National_Board.pdf
9edb0da8-7257-59d4-9b27-5bcede517047,Flotilla Commander Change of Administration Guide_T-Dir.pdf
4527cfc9-f47d-5945-8e0d-9e98e1fce929,Flotilla_Procedures_Guide_FINAL_ESIGNED_23MAR23.pdf
205561a7-a323-5a25-bfd5-a9d010cf2553,Air Operations Workshop Rev1.3_2023.pdf
e2c66aef-c64f-5004-bf26-5319379d38ad,Surface Operations_Workshop Rev1.8_2023.pdf
ed13cd6b-727d-5ef8-9f37-37f906df8308,Telecomms_TCO_Workshop Rev 1.4_2023.pdf
454906df-bdd0-59c4-8d43-cefba1005eeb,TelecommsWorkshop Final 2024 v1.7 2.pdf
dbe2352f-edb1-5858-aa82-d4516d881076,IT Instructor WORKSHOP 2023 Jan 2023 Final.pdf
a3bf2903-5ee9-519d-8f86-ca586779ea00,Org_Chart_National_Incumbents.pdf
318a0f06-8ea1-51a7-b350-8abdc1318358,Surface Workshop Final 2024  v1.pdf
EMPTY_DOCUMENT,Auxiliary_Policy_Statement.pdf
d9c73633-6bbd-56d7-94d9-953c6c207a4a,AUXCA SANITATION WORKSHOP MARCH 2022.pdf
f1dcc2cd-2eec-5d61-8fe1-2ff100484192,Diversity_&_Inclusion_Policy_NOV-2022.pdf
1a0d43e5-6bf9-5260-b17d-5b045496ab79,Strategic_Plan_2022-2028.pdf
4cd5a55c-f37b-5c5d-b13d-b34d0a523051,USCG Incident Mgmt Handbook COMDTPUB_P3120.17B_2014-05-01.pdf
f7d9cd70-2116-55fb-b1e3-c2002f287914,ALCGPSC_065:21-MILITARY UNIFORM POLICY CHANGE NOTIFICATION.pdf
e7787d94-9c61-5197-a93c-3281a32608d3,UPV_Exam_Guidebook_under100GT_CGD11_rev_2021-07-20.pdf
21126abd-5489-5ffa-b566-d6f365d5a74b,MSM_Vol_III_Personnel_CIM_16000.8B_Change_2.pdf
57ed2717-0a33-5658-98a0-0e04364e3967,BoatCrewHandbook_Rescue and Survival Procedures BCH16114.2A_2021-02-01.pdf
bc8c6a12-932a-51ca-b40d-13fb1e6ab0a9,Nav Rules Handbook_85 FR 58268_2022-10-27.pdf
f43bdf6d-07ac-5ce0-b206-db7eabb990ca,BoatCrewHandbook_First Aid BCH16114.5_2017-12-01.pdf
416b3f0c-064c-592d-86c6-d2fb4f52a36b,USCG-Civil-Rights-Manual-COMDTINST-M5350-4E.pdf
11b82981-9d6f-5de1-9615-24750815fc96,BoatCrewHandbook_Boat Operations BCH16114.1B_2020-09-01.pdf
07bc7031-5844-55f8-8a1c-3fd9137d74a5,BoatCrewHandbook_Navigation and Piloting BCH16114.3A_2021-08-01.pdf
ea237684-707c-5e5a-9e13-ca5e347e7452,BoatCrewHandbook_Seamanship Fundamentals BCH16114.4A_2020-09-01.pdf
ba4883c2-9545-5d70-868a-867eea0a7678,Contingency Preparedness Planning Manual CPPM Vol 4 Incident Management and Crisis Response_2016-06-01.pdf
96464b4b-8249-517d-8ea9-87a36c06c301,AUX-AWARDS-PRIMER-FEB16.pdf
4d05f79a-d526-5344-94ef-3199288849cf,Auxiliary_Intro_to_Marine_Safety_and_Environmental Protection_IMSEP_Final_2022-12-01.pdf
6972927a-b52e-531a-ad7a-cf6b00e1bb5c,Auxiliary_Operations_Process_Guide_Volume_II-Air_Operations_16798.32A.pdf
794f7fd0-448f-5fa8-98b6-3002753aed4e,Auxiliary_Operations_Process_Guide_Volume_III-Telecommunications_16798.33A.pdf
23746b1e-b829-55fc-8777-8c85ec3a9f41,RBSVP_Handbook_16796.3_Electronic_Signature.pdf
e69b0e20-59ab-5e1a-95b4-65f0c379f157,Auxiliary_Paddlecraft_Safety_Program_Handbook_16794.11A.pdf
5c073f9a-7a3d-5795-a232-3d77732c48ae,Auxiliary_Qualification_Handbook_Boat_Crewmember_Coxswain_Personal_Watercraft_Operator_ABQH_16115.52B.pdf
ab030531-f573-5626-afec-eb0f1fce3880,AUXPA1_PQS_05SEP23_esig.pdf
4fee2940-be33-5526-bb70-e4d56656465a,Auxiliary_Division_Procedures_Guide_COMDTPUB P16791.3_reprints1and2_2017-07-02.pdf
56fed4dd-6533-582c-a523-197dfb2c282a,COAST GUARD AUXILIARY OPERATIONAL EXCELLENCE PROGRAM CI_16794_4.pdf
1538b564-49a0-501d-b1b3-e10c2dec5b0f,Auxiliary Chaplain Support Program CI_1730_5_textembed.pdf
52d35e10-7df5-5ab8-b2a0-110c26c6d2b2,COAST GUARD AUXILIARY PUBLIC AFFAIRS OFFICER'S GUIDE_CIM_5728_3A.pdf
98ec89ae-c5f7-5bbc-a198-a4e3218f7dd6,Auxiliary_Training_Handbook_Boat_Crew_ATH_16794.51B.pdf
b0ba79f8-4517-565e-9399-6e7ee98900a2,13_ENC_13_AUX_COVID19-RECONSTITUTE-GUIDE-V5-20JAN2023.pdf
10c09087-75cb-5d5c-9519-aa7a4c117524,Auxiliary_Operations_Process_Guide_Volume_IV-Marine_Safety_and_Security_16798.34A.pdf
1cd6a61d-72bb-5a0f-9310-5c5b722e2d38,AUXPA2_PQS_05SEP23_esig.pdf
3b845a10-cb3a-5014-96d8-360c8f1bf63f,Coast_Guard_Aids_to_Navigation_Program_Handbook_16500.16_Electronic_Signature.pdf
05fd66b6-dba1-5ac0-85cd-d88fccca5b8e,Auxiliary Manual CIM_16790_1G.pdf
debe0248-20df-5b52-b7c3-07dbc1faae6b,Auxiliary_Training_Handbook-Aviation_ATH_16798.5A.pdf
be7cbe36-c3fd-50b0-a3d3-fad0da56fac1,USCG_Operational_Excellence_Program_Handbook_16794.4_Electronic_Signature.pdf
9ac202c1-3d90-5e05-9ff8-bb49cc4e3492,Auxiliary_PV_Manual 169796.3D_2020.pdf
a0754bf1-d575-53bc-bc6b-52753faaabee,Auxiliary_Claims_Process_Guide_2023-03-01.pdf
EMPTY_DOCUMENT,Auxiliary_Aviation_Facility_Reimbursement_COMDTNOTE_16798.pdf
e2648efe-02b0-5c24-8142-4b0937ac208d,AUXPA3_PQS_05SEP23_esig.pdf
EMPTY_DOCUMENT,CG-CVC_pol18-03.pdf
7e00e9f5-4bb4-5da5-80c2-47f5b9351bd2,Auxiliary_Operations_Process_Guide_Volume_I-General_Surface_16798.31A.pdf
41363a2d-0a9c-5e19-9b57-f85cb0e8f3fe,BSX_Policy_Letter_19_02_ICS_bsx_e_sign.pdf
12abc1d1-bec1-58b2-8763-7158f77e8698,BSX_Policy_Letter_19_03_RM_TCT_Facilitator_E_Sign.pdf
ba36a8c8-11d9-5e3c-86fd-ac0187bb4d31,AUX_UA_POLICY_LETTER_024A_FINAL_28SEP23_FOR_POSTING.pdf
bb6ae711-5c3b-5a98-88c6-20f5c52976f2,AUX-PL-007(F)_BSX_Policy_Letter_21-01_Resumption_of_In-Person_Auxiliary_C-Schools.pdf
506d2435-e190-50f9-9a0c-3a094ca4dc84,Auxiliary_Precautionary_Landings_PL_22_08_esign.pdf
82069e65-dde7-5fb4-887e-029eecbfbd2a,BSX_PL_21_04_Auxiliary_Air_PPE_and_Pyrotechnic_Flares_PL_17Dec21_esign.pdf
cf6a9133-f7f3-5c92-bd0e-500eb3ee1e4d,Auxiliary_Navigation_Rules_Exam_Update_PL_22_09_14APR22_ESIGNED.pdf
bea37468-7bbb-5609-bb2a-c01988d12be5,Auxiliary_Waiverable_Task_by_DIRAUX3_esign.pdf
f7b993d6-1ce8-541b-81d6-0db6076062ca,Updated_BSX_Policy_Letter_24_01_Night_Waivers_BMCM_SM_ESIGNED_TO_POST.pdf
534946b0-e08e-56c8-aab9-56f54cd90964,AUX-PL-001(A)_BSX_Policy_Letter_19-01_RISK_MANAGEMENT_TRAINING_FOR_THE_COAST_GUARD_AUXILIARY.pdf
6fdb9d54-90a2-5a73-ac30-9e1915dca907,AUXDATAII_ACCESS_POLICY_LTR_12MAY22_WEBSIGNED.pdf
29120ab9-ac49-513e-bd14-c4942ae1c343,Auxiliary_Qualification_Syllabi_PL_22_01_esign.pdf
712095dd-af64-5522-8d96-ce745c700fc2,BSX 19-05 Cell_Phone_Policy_letter.pdf
019dbcf0-b2a9-582b-919b-effdfceaf763,Auxiliary_Aircraft_Maintenance_PL_22_03_esign.pdf
c820d16d-b010-5ca1-bd76-f877dc987c93,PL_BSX_11_2022_12_AUX_MASTER_CUTTERMAN.pdf
6fb50706-aa4f-588c-8b57-9f453f76758d,BSX_PL_21_03_Auxiliary_Coxswain_Boat_Crew_Night_Tasks_Nonwaivable_esign.pdf
4a4cdba0-5957-547d-8dce-f6231cfb7ae0,Auxiliary_Aircraft_Call_Signs_PL_e_sign.pdf
d7a29725-7703-5eeb-afea-c30123308d1e,Auxiliary_Fuel_Management_and_Flight_Planning_PL_22_06_esign.pdf
d10522f0-1909-55e2-b03c-6eef68f39bef,BSX_PL_20_02_AUXDATA_COURSE_COMPLETION_ENTRY_POLICY_LTR.pdf
ba36a8c8-11d9-5e3c-86fd-ac0187bb4d31,AUX_UA_POLICY_LETTER_024A_FINAL_28SEP23_AUXILIARY UNIFORM AND APPEARANCE POLICY CHANGES.pdf
6cd3c678-4da8-5a52-a0fe-2cdf11cf8ad5,BSX_PL_21_02_Auxiliary_Navigation_Standards_Policy_Letter_ESign.pdf
6b9a6358-221b-529a-bec6-ca1745c8feae,Auxiliary_Aircraft_VHF_Antenna_PL_22_05_esign.pdf
2d4143fd-7432-577e-8f5f-ac482185d292,BSX_POLICY_LETTER_19_04_AUXDATA_ACCESS.pdf
3d82297b-ff37-5316-b1ab-4b815e4285b2,AUX-PL-017(A)_BSX_Policy_Letter_22-07_Auxiliary_Aviation_Operations_at_Uncontrolled_Airfields_Update.pdf
72abe960-343b-51a5-a778-5ff96269f3f6,Auxiliary_Aircraft_Facility_Inspections_and_Return_to_Service_PL_22_04_esign.pdf
2e196b86-bc83-57bb-be7a-c8bc0042de03,AUX-PL-001(A)_BSX_Policy_Letter_20-01_Vessel_Ssafety_Check-Portable_FIRE_EXTINGUISHER_Guidance.pdf
4627da88-d283-51e6-8e55-aead77101eaa,Auxiliary_Boat_Crew_Qualification_Handbook-16794_52C.pdf
be7cbe36-c3fd-50b0-a3d3-fad0da56fac1,USCG_Operational_Excellence_Program_Handbook_16794_4.pdf
9caaf911-f972-59ea-b146-8099f961d2cc,AuxContainerInspectorPQS.pdf
cc357999-d928-56d0-a519-e521502544f9,Asst PollutionResponder PQS 2011.pdf
5e7e959c-02d4-5cc1-9f05-340917525134,037_24_CHIEF_DIRECTORS_FINAL_ACTION_ON_NATIONAL_BOARD_RECOMMENDATIONS_AT_NACON_2024_01NOV24.pdf
1fc455bf-67e0-5825-9ec3-62d5e79410a1,AUX_FINCON_SOP_008B_SIGNED_TO_POST_08APR24.pdf
7e00e9f5-4bb4-5da5-80c2-47f5b9351bd2,Auxiliary_Operations_Process_Guide_Volume_I-General_Surface-16798_31A.pdf
21126abd-5489-5ffa-b566-d6f365d5a74b,CH-2_TO_MSM VOLUME II_MARINE INDUSTRY PERSONNEL_CIM_16000_8B.pdf
08b3baae-3aa2-5ccd-8c80-8ab255a45156,BSX Policy Letter_AUX-PL-024-B_23-02__AUXILIARY UNIFORM AND APPEARANCE POLICY CHANGES_29JUL24.pdf
c43c0c72-6a03-5a00-bfaa-fadd92cbfd07,ALAUX_031_24_FY25_AUXDATA_II_PATROL_ORDER_GUIDANCE.pdf
f68e0fbd-f455-50a7-9679-ece8e9112804,CH-3 TO MSM VOLUME IV_TECHNICAL_CHAPTER 3â€“ENGINEERING SYSTEMS_CIM_16000_9.pdf
f7b993d6-1ce8-541b-81d6-0db6076062ca,BSX Policy Letter_AUX-PL-026-A_24-01__UPDATED WAIVER REQUIREMENTS FOR NIGHT CERTIFICATION AND OPERATIONS.pdf
a23943b3-c50d-5a0e-8094-4782d5022e25,BSX Policy Letter_AUX-PL-023-B_23-03__UPDATE TO AUXILIARY DAMAGE CLAIMS PROCEDURES AND REQUIREMENTS.pdf
ab121aed-d91d-54aa-8c0b-fc6060b5f3fc,ALAUX_002_24_2024_NATIONAL_WORKSHOPS.pdf
959f3f11-e812-5b59-b2f1-07f76a9025ef,BSX Policy Letter_AUX-PL-028-A_24_03__Removal_of_DO_PSI_for_DCAPT_AND_AVIATION_QUALIFICAITON_05JUL24.pdf
b75ab22e-f37f-5892-b429-0ff8952ce257,AuxAsstLiferaftInspector.pdf
2329de83-ee93-5737-9bc2-f76b40b4829e,USCG_Addendum_to_US_NSS_to_IAMSAR-CI_16130_2G-2022-10-01.pdf
23746b1e-b829-55fc-8777-8c85ec3a9f41,RBSVP_Handbook_16796_3_18MAR2024.pdf
c2c4f8c1-6a2a-5d9c-996b-8d20bdb09c47,Auxiliary_Training_Handbook-Boat_Crew_ATH-16794.51C.pdf
4b7be7b2-16f8-57dd-a669-af72c7db5459,ALAUX_023_24_EXTENSION_TO_AUX_SOP_004A_04_Sep_20_ELECTION_OF_UNIT_OFFICERS_THROUGH_THE_USE_OF_ELECTRONIC_MEANS.pdf
8c9e8a61-0c9c-5650-9020-ce6a07624716,BSX Policy Letter_AUX-PL-001-B_19-01_UPDATED RISK MANAGEMENT TRAINING REQUIREMENTS FOR THE COAST GUARD AUXILIARY.pdf
a518abf6-1c45-5393-8ff6-32a11d39f39a,AuxTBoatInspector.pdf
2d7e365e-7f43-587d-b2e8-8802625760bf,CH-1_TO_COAST GUARD MARINE ENVIRONMENTAL RESPONSE AND PREPAREDNESS MANUAL_CIM_16000_14.pdf
75fddd31-e90f-5311-a38c-6d6f807d1fdc,Changes to VSC Manual CCN_16796_2016_6_13.pdf
717425ab-0a44-59f1-905d-d30828e0a426,ALAUX_027_24_AUXCT_REQUIREMENT_SUICIDE_PREVENTION.pdf
9e8faabf-0fbd-5bcf-b7e1-00b859360f17,MSM Volume V_INVESTIGATIONS AND ENFORCEMENT_CIM_16000_10A.pdf
32d4d3ac-a75f-5c40-b516-fa1ce45b920a,Auxiliary_Uninspected_Passenger_Vessel_PQS_2016_03-17.pdf
3b845a10-cb3a-5014-96d8-360c8f1bf63f,Coast_Guard_Auxiliary_Aids_to_Navigation_Program_Handbook_16500_16.pdf
b69af3d6-96ee-5a1b-8a1e-9a6feca305b2,AUXILIARY CULINARY ASSISTANCE (AUXCA) PROGRAM STANDARD OPERATING PROCEDURES_20AUG24_SOP-005-B.pdf
70e0849b-8f89-5242-9a40-c10b88173ac1,CH-2_TO_MSM VOLUME II_MATERIEL INSPECTION_CIM_16000_7B.pdf
d0eb6ad6-9b4b-50b6-88a3-19c736b49701,AUX_CG_RECRUITING_SUPPORT_PROGRAM_SOP_FINAL_18MAR24_WEB_POST.pdf